{
  "tests/test_contracts.py": 1782574188.2945302,
  "tests/test_newsroom_research.py": 1784128893.2020845,
  "tests/test_api_workflows.py": 1783324239.0510798,
  "packages/python/mpstudio/worker.py": 1782574188.2920334,
  "packages/python/mpstudio/video_clipping.py": 1783478866.9475021,
  "packages/python/mpstudio/media.py": 1783326903.30148,
  "packages/python/mpstudio/models.py": 1782574188.291405,
  "packages/python/mpstudio/research.py": 1784128893.2014143,
  "packages/python/mpstudio/shorts_planner.py": 1783225090.6170893,
  "packages/python/mpstudio/database.py": 1782574188.291293,
  "packages/python/mpstudio/__init__.py": 1782574188.2911294,
  "packages/python/mpstudio/storage.py": 1783326646.29245,
  "packages/python/mpstudio/contracts.py": 1784128893.2009804,
  "packages/python/mpstudio/settings.py": 1784128893.2016392,
  "packages/python/mpstudio/audio.py": 1783225090.61633,
  "packages/python/mpstudio/repository.py": 1783225090.6167634,
  "packages/python/mpstudio/newsroom.py": 1784128893.201308,
  "packages/python/mpstudio/transcoder.py": 1782574188.291921,
  "apps/web/next-env.d.ts": 1782574188.2647974,
  "apps/web/next.config.ts": 1782574188.264847,
  "apps/web/app/layout.tsx": 1784128895.467406,
  "apps/web/app/page.tsx": 1782574188.2639437,
  "apps/web/app/video-clipping/page.tsx": 1782574188.2640998,
  "apps/web/app/workspaces/page.tsx": 1783521485.9004898,
  "apps/web/app/newsroom/page.tsx": 1782574188.263894,
  "apps/web/app/shorts/page.tsx": 1782574188.2640204,
  "apps/web/app/workbench/page.tsx": 1783310078.9361463,
  "apps/web/app/jobs/[jobId]/page.tsx": 1782574188.2637436,
  "apps/web/components/NewsroomGenerator.tsx": 1784128893.2001152,
  "apps/web/components/StatusPill.tsx": 1782574188.2645519,
  "apps/web/components/AppFrame.tsx": 1784128895.476598,
  "apps/web/components/ShortsForm.tsx": 1784128895.4675736,
  "apps/web/components/VideoClippingForm.tsx": 1784128895.467758,
  "apps/web/components/UnifiedWorkbench.tsx": 1783310539.5169673,
  "apps/web/lib/prima.variants.d.ts": 1784128895.4770916,
  "apps/web/lib/prima.js": 1784128895.4770083,
  "apps/web/lib/prima-theme.ts": 1784128895.4767046,
  "apps/web/lib/api.ts": 1784128893.2005594,
  "apps/web/lib/prima.d.ts": 1784128895.4769099,
  "services/__init__.py": 1782574188.2923045,
  "services/agents/__init__.py": 1782574188.292388,
  "services/agents/render/__init__.py": 1782574188.2931905,
  "services/agents/render/app/__init__.py": 1782574188.293266,
  "services/agents/render/app/main.py": 1783478841.4010818,
  "services/agents/newsroom/__init__.py": 1782574188.292867,
  "services/agents/newsroom/app/__init__.py": 1782574188.2929523,
  "services/agents/newsroom/app/main.py": 1782574188.2930028,
  "services/agents/shortgen/__init__.py": 1782574188.2934794,
  "services/agents/shortgen/app/__init__.py": 1782574188.2935548,
  "services/agents/shortgen/app/main.py": 1783225090.6174653,
  "services/agents/metadata/__init__.py": 1782574188.2925181,
  "services/agents/metadata/app/__init__.py": 1782574188.2925959,
  "services/agents/metadata/app/main.py": 1782574188.2926748,
  "services/api/__init__.py": 1782574188.2938054,
  "services/api/app/__init__.py": 1782574188.293877,
  "services/api/app/main.py": 1783411578.5544102,
  "services/orchestrator/__init__.py": 1782574188.2941756,
  "services/orchestrator/app/__init__.py": 1782574188.2942548,
  "services/orchestrator/app/main.py": 1782574188.2943103,
  "README.md": 1784128895.4670413,
  "DESIGN.md": 1783225090.6044896,
  "AGENTS.md": 1784128895.466891,
  "CLAUDE.md": 1783225090.6043713,
  "docs/architecture.md": 1782574188.266212,
  "docs/upstream-integration.md": 1782574188.2904682,
  "docs/video-clipping-flow-spec.md": 1782574188.2905762,
  "docs/unified-workbench-spec.md": 1783309825.0149179,
  "docs/cloudrun-light.md": 1784128895.4680235,
  "apps/web/AGENTS.md": 1783225094.0028038,
  "services/agents/render/requirements.txt": 1782574188.2933583,
  "services/agents/newsroom/requirements.txt": 1782574188.2930503,
  "services/agents/shortgen/requirements.txt": 1783225090.617746,
  "services/agents/metadata/requirements.txt": 1782574188.2927315,
  "services/api/requirements.txt": 1783225090.618183,
  "services/orchestrator/requirements.txt": 1782574188.2943537,
  "design-preview/prima-studio-design-preview.html": 1783225090.6114087,
  "screenshots/workspaces.png": 1783232552.1963801,
  "screenshots/newsroom.png": 1783232554.1978114,
  "screenshots/video-clipping.png": 1783232556.248728,
  "screenshots/home-redirect.png": 1783232572.0054247,
  "screenshots/shorts.png": 1783232557.2550335,
  "screenshots/job-detail-missing.png": 1783232575.1605868,
  "screenshots/not-found.png": 1783232559.249113,
  "screenshots/ui-fixes-final/workspaces.png": 1783234379.4447489,
  "screenshots/ui-fixes-final/newsroom.png": 1783234380.4477777,
  "screenshots/ui-fixes-final/video-clipping.png": 1783234441.2124949,
  "screenshots/ui-fixes-final/shorts.png": 1783234382.9847217,
  "screenshots/micro-fixes/newsroom.png": 1783235143.6525786,
  "screenshots/micro-fixes/shorts.png": 1783235144.7277963,
  "screenshots/micro-fixes-final/newsroom.png": 1783235187.0949073,
  "screenshots/ui-fixes/workspaces-fixed.png": 1783234319.0987952,
  "screenshots/ui-fixes/shorts-fixed.png": 1783234324.0505216,
  "screenshots/ui-fixes/newsroom-fixed.png": 1783234321.743809,
  "screenshots/ui-fixes/video-clipping-fixed.png": 1783234322.9751701,
  "docs/screenshots/workspaces-mobile.png": 1783225094.003319,
  "docs/screenshots/workspaces-desktop.png": 1783225094.0031593,
  "docs/assets/gpt-ui-video-split.png": 1782574188.2862206,
  "docs/assets/gpt-ui-shorts-generator.png": 1782574188.2801948,
  "docs/assets/gpt-ui-video-joining.png": 1782574188.283373,
  "docs/assets/current-video-clipping-flow.png": 1782574188.266525,
  "docs/assets/gpt-ui-newsroom.png": 1782574188.2769003,
  "docs/assets/gpt-ui-clip-generation.png": 1782574188.2726803,
  "docs/assets/gpt-ui-ai-clip-generation.png": 1782574188.2694926,
  "docs/assets/gpt-ui-metadata-generation.png": 1782574188.2735915,
  "apps/web/public/brand/media-prima-logo.png": 1782574188.2652874,
  "design-preview/prima-studio-design-preview-mobile.png": 1783225090.6111057,
  "design-preview/sample-flow-01-loaded.jpg": 1783225090.6125777,
  "design-preview/video-clipping-implemented-mobile.png": 1783225090.6160712,
  "design-preview/sample-flow-02-source-selected.jpg": 1783225090.6132295,
  "design-preview/sample-flow-03-job-queued.jpg": 1783225090.613906,
  "design-preview/prima-studio-design-preview-desktop.png": 1783225090.6097353,
  "design-preview/sample-flow-04-final-output.jpg": 1783225090.6145644,
  "design-preview/video-clipping-implemented-desktop.png": 1783225090.6154037,
  "local-data/render-scratch/render/6c841802-09ff-4ccb-afe5-adc636a69244/6c841802-09ff-4ccb-afe5-adc636a69244-video-clipping-final.mp4": 1783236184.8477454,
  "local-data/storage/mp-ai-video-clipping-local-test/test-gemini/uploads/prima-gemini-source.mp4": 1783326808.8906903,
  "local-data/storage/local-bucket/media-prima-video-clipping/uploads/1bibik19_uploads_20260506_014422_8f0ae9ef_[FULL]_Mem_&_Bibik-Bibik_(2022)___Episod_19.mp4": 1783236130.8651478,
  "sample/1bibik19_uploads_20260506_014422_8f0ae9ef_[FULL]_Mem_&_Bibik-Bibik_(2022)___Episod_19.mp4": 1783232487.0312986
}